Statistic Measure	Naive Bayes	Random Forest	SVM	KNN	My Method
Accuracy	0.961437	0.96437	0.965024	0.923281	0.967469
Precision	0.957688	0.962305	0.96238	0.925392	0.964766	
Recall	0.959811	0.961534	0.962631	0.918338	0.965858
F-Measure	0.958599	0.96183	0.962347	0.918607	0.965192
